t,u,y
0,4.6460895827294335,0.08762527227557732
0.1001001001001001,2.0324084523502375,-0.21739157237753975
0.2002002002002002,-0.9651799069176863,-0.11244415568956131
0.3003003003003003,-3.695268002588551,-0.3247624269033501
0.4004004004004004,-5.662174717249883,2.9995910022121226
0.5005005005005005,-6.607749318052569,1.899748813667948
0.6006006006006006,-6.511337332962677,-0.8835418054217381
0.7007007007007007,-5.526771113711929,-0.35151817013959297
0.8008008008008008,-3.8932432228429894,-1.6821598661214394
0.9009009009009009,-1.8585414314393969,-0.5790512188628267
1.001001001001001,0.3603621298344635,-1.6634784038224932
1.1011011011011012,2.575980514673146,-2.5415432238546694
1.2012012012012012,4.604941391060871,-1.1785862002335479
1.3013013013013013,6.245507069351099,-0.8795338053481953
1.4014014014014013,7.281500708213101,-1.5747722710286256
1.5015015015015014,7.521202134982888,-0.7508346017333098
1.6016016016016017,6.860237362770718,-2.0321332358429722
1.7017017017017018,5.34218480436412,-1.6593697930582578
1.8018018018018018,3.1865884241386753,-1.1180177321364617
1.901901901901902,0.7636286032887276,0.21256917063260183
2.002002002002002,-1.4855237439307099,-1.089660796886509
2.1021021021021022,-3.161437363136673,0.28730122967228044
2.2022022022022023,-4.0154636920869216,0.6940085861653221
2.3023023023023024,-4.016214143193548,1.132004251557912
2.4024024024024024,-3.347563134324439,2.287301314985379
2.5025025025025025,-2.336035412721426,1.0045704318236799
2.6026026026026026,-1.331304261786261,2.1940432368402476
2.7027027027027026,-0.5816533549939559,-1.413598546845578
2.8028028028028027,-0.1494331055264606,1.2177094861685693
2.9029029029029028,0.10195375114017957,0.4786444432584581
3.003003003003003,0.44362306743740487,0.1490349824246524
3.103103103103103,1.1619269077128611,-0.9212716256556104
3.2032032032032034,2.4277601298210496,-0.08821293425663895
3.3033033033033035,4.203202096079059,2.7527890368505994
3.4034034034034035,6.221738107757344,-1.8242862458312914
3.5035035035035036,8.052298087563475,0.3213872799342658
3.6036036036036037,9.227173538341855,1.7269868393748196
3.7037037037037037,9.390490965477689,1.5809008122800567
3.803803803803804,8.415886983325546,2.72628000670484
3.903903903903904,6.452337763493427,2.191930379105907
4.004004004004004,3.882059595397263,0.9976855591686762
4.104104104104104,1.2050129231178723,2.724971290093646
4.2042042042042045,-1.1102083682952746,3.0149796541540312
4.3043043043043046,-2.7584327535197306,2.3710934756915276
4.404404404404405,-3.6694225308054382,3.806672489247122
4.504504504504505,-3.9977202587739127,5.9366604873802045
4.604604604604605,-4.038934207903481,5.306708238098253
4.704704704704705,-4.105984020335246,4.049562351403359
4.804804804804805,-4.411378126361476,5.43431770355638
4.904904904904905,-4.997109097290188,5.762127307867731
5.005005005005005,-5.73438508935792,5.145742419207798
5.105105105105105,-6.3887159827380335,4.486374895512571
5.205205205205205,-6.7218909568890535,2.9747750432826505
5.305305305305305,-6.589899001974936,2.9533505768004455
5.405405405405405,-5.999140437931301,1.0116025876402273
5.505505505505505,-5.100656809450932,0.6224759995219449
5.605605605605605,-4.1266508728077245,0.26157575961953317
5.7057057057057055,-3.295837135960693,0.27592684484169544
5.8058058058058055,-2.7257777350047716,0.5659820085563134
5.905905905905906,-2.387120515759878,0.2522742300480464
6.006006006006006,-2.118045353125157,-1.190960844456443
6.106106106106106,-1.6937400159046458,0.03515156118071405
6.206206206206206,-0.9243605073824277,-1.436111936294823
6.306306306306307,0.25624849891696844,-2.6309989513634577
6.406406406406407,1.7456566601355639,-2.415295061369159
6.506506506506507,3.290186757747689,-1.4657957032896505
6.606606606606607,4.559846331942142,-6.485282010523251
6.706706706706707,5.2549014216578875,-4.720531777766615
6.806806806806807,5.206443371769112,-4.130634857560853
6.906906906906907,4.435396642859349,-1.8811167294168523
7.007007007007007,3.1493373409145486,-5.6235282608401
7.107107107107107,1.6785798003133867,-3.0297101439863474
7.207207207207207,0.37409178649068187,-4.05328061349964
7.307307307307307,-0.4976572074441332,-3.559517017459404
7.407407407407407,-0.8280542397259953,-2.964251889175154
7.5075075075075075,-0.6855117807069306,-0.6463638790223047
7.607607607607608,-0.27774488405629283,-2.2584131025338445
7.707707707707708,0.1260329388745407,-1.2082418320239001
7.807807807807808,0.2838510406200436,-1.475400406978121
7.907907907907908,0.0503745665442521,-0.2553960452857229
8.008008008008009,-0.5936115015587178,-2.7513544078107848
8.108108108108109,-1.5559295878122419,-1.7162220611778392
8.208208208208209,-2.679971209250456,-0.6054917955279082
8.308308308308309,-3.8017282628664852,-1.2096580393308323
8.408408408408409,-4.794031683535854,0.10762237291105814
8.508508508508509,-5.58344401145453,-1.0602920793370099
8.608608608608609,-6.138581840703638,-1.2134832034790697
8.70870870870871,-6.441241717129882,-0.8009070382019671
8.80880880880881,-6.458412908718687,-1.7648957970952046
8.90890890890891,-6.131568907077903,-1.1575875543763647
9.00900900900901,-5.390593661780068,-2.578680860456677
9.10910910910911,-4.18741654784646,0.1268350138607801
9.20920920920921,-2.5342944352284205,0.5739645688748152
9.30930930930931,-0.5281328021227782,-3.665874517910672
9.40940940940941,1.6530606510654673,-1.8000555596980088
9.50950950950951,3.784362799984451,-3.941127158446955
9.60960960960961,5.648533321549244,-4.1845068507126735
9.70970970970971,7.091386495475936,-0.9678975843796642
9.80980980980981,8.05660772543953,-3.5166187558121598
9.90990990990991,8.585778500854502,-0.9272541497182194
10.01001001001001,8.782740390369451,-2.6761941058566148
10.11011011011011,8.755897906349116,-2.949972876948635
10.21021021021021,8.561796606862716,-1.5202298662230394
10.31031031031031,8.174131531785104,0.10013397795398293
10.41041041041041,7.49342822728776,-0.08979115339076227
10.51051051051051,6.396994963322435,0.0481989160862908
10.61061061061061,4.8121524262100985,0.4820764616500958
10.71071071071071,2.784630183681401,1.865150859842001
10.81081081081081,0.512998362597229,2.1089019187958598
10.91091091091091,-1.6699269771004412,3.228856652671219
11.01101101101101,-3.369734842766487,4.226467581808892
11.11111111111111,-4.2383823940282745,4.829603327461609
11.21121121121121,-4.084312310506062,3.948090664595787
11.31131131131131,-2.9479342330231395,2.3793884601689537
11.411411411411411,-1.1145733122152057,4.611164797520275
11.511511511511511,0.9442091910841603,4.793953040412206
11.611611611611611,2.6874161145417146,3.988040991658662
11.711711711711711,3.647117556374323,3.664950475548216
11.811811811811811,3.5553112014578607,5.200251862078756
11.911911911911911,2.4178012257004795,5.733741225813951
12.012012012012011,0.51336275681128,3.623087091247232
12.112112112112111,-1.6814237859175694,5.669917637734252
12.212212212212211,-3.619697755417519,4.2112952101018974
12.312312312312311,-4.827795127645254,2.5569809328725834
12.412412412412412,-5.025052544628286,4.8684623882229765
12.512512512512513,-4.18868089620015,5.75587432080583
12.612612612612613,-2.5491967102890403,3.9079319116188054
12.712712712712714,-0.5215412487385427,3.3069997880560713
12.812812812812814,1.4062948958881218,1.6394186442425958
12.912912912912914,2.795971747087764,0.4469060943465972
13.013013013013014,3.361401299549801,2.7053940838968806
13.113113113113114,3.0276475960331632,1.883599793300933
13.213213213213214,1.9353336682819036,0.6261342912974832
13.313313313313314,0.39366775888227457,1.0214312707742785
13.413413413413414,-1.203263922101412,1.546016092769963
13.513513513513514,-2.4753255278405026,0.4684679997404702
13.613613613613614,-3.146986052919673,0.6093424425047151
13.713713713713714,-3.1096204252967343,1.8245014513731506
13.813813813813814,-2.442035719326829,-1.017094698137898
13.913913913913914,-1.3848289133920928,2.0739889015447726
14.014014014014014,-0.2740821149230328,-1.4233151818498797
14.114114114114114,0.5508066505958462,-1.4704417818610667
14.214214214214214,0.8433467934771051,-0.037649510319042734
14.314314314314315,0.5254843960100878,-0.34677233532892415
14.414414414414415,-0.2796613586399461,-0.08706930879849195
14.514514514514515,-1.271154915327676,-1.0449139821443734
14.614614614614615,-2.049102622256531,-0.7808154610379116
14.714714714714715,-2.232383299899533,-2.377969087029861
14.814814814814815,-1.5848627646385234,-0.5636375594510916
14.914914914914915,-0.11296098082095263,-2.4471601157231095
15.015015015015015,1.8988622593035118,0.23526368251425955
15.115115115115115,3.933418681249356,-1.3172916505871837
15.215215215215215,5.362925203978009,-1.6762775638101273
15.315315315315315,5.619584071275591,-2.445817363661938
15.415415415415415,4.367906865276876,-3.8578805864808885
15.515515515515515,1.626619174449262,-1.8225059369538656
15.615615615615615,-2.2013380036411703,-0.7643031286396307
15.715715715715715,-6.407204187187351,0.5660351913965009
15.815815815815816,-10.147260734358813,-0.4469725477992185
15.915915915915916,-12.660412637098402,-0.008849806692455608
16.016016016016017,-13.469579447000882,-0.9338588554140119
16.116116116116117,-12.506003390915023,-0.7607084687394503
16.216216216216218,-10.11729754216316,0.853184877026991
16.316316316316318,-6.955345593204608,-1.2882245329651563
16.416416416416418,-3.7779671086676254,-2.185277801218929
16.516516516516518,-1.226116751221812,-1.9535980866908438
16.616616616616618,0.35333541874746,-2.779194576108131
16.716716716716718,0.9838276373990533,-4.826570344746388
16.816816816816818,1.0120902998268746,-3.7299676952240532
16.916916916916918,0.9565128682196875,-3.919892079829397
17.017017017017018,1.3043229766015105,-5.790760869831079
17.117117117117118,2.32779161574957,-5.698158299040058
17.217217217217218,3.9824965824962346,-4.063060248168402
17.31731731731732,5.921814448035107,-5.245794135718288
17.41741741741742,7.621145303194515,-4.407684123441528
17.51751751751752,8.567025177335676,-5.043478361583528
17.61761761761762,8.44369320594871,-6.042842747356179
17.71771771771772,7.250854084465596,-1.7907964620957821
17.81781781781782,5.310959855595502,-3.696686683812722
17.91791791791792,3.1636618809377293,-1.806018213945705
18.01801801801802,1.3851857240766638,-1.89115330186957
18.11811811811812,0.3969428031403708,-0.7206820534011855
18.21821821821822,0.3311846626918722,0.023838305048726416
18.31831831831832,1.0006513530013612,-0.7821266320108272
18.41841841841842,1.9814572355354323,-0.03259360478166956
18.51851851851852,2.777508910583655,-0.15569902116821077
18.61861861861862,3.005404501091131,-0.8547174897432313
18.71871871871872,2.5317158688154104,2.1235594408344785
18.81881881881882,1.5124346933572923,2.229122369659432
18.91891891891892,0.32072004705385315,1.9365992079295786
19.01901901901902,-0.6093228047608961,2.989032842224722
19.11911911911912,-0.9635259413839068,2.494793453930581
19.21921921921922,-0.6840389306928039,2.6824745188789514
19.31931931931932,-0.007741563484129355,4.8491904817178275
19.41941941941942,0.6110037048379628,4.187669124766766
19.51951951951952,0.6680183680732728,2.8635256368716444
19.61961961961962,-0.19226905083434032,3.579947134335326
19.71971971971972,-2.0204672599762423,4.635696461579423
19.81981981981982,-4.507519170443296,4.519905345478566
19.91991991991992,-7.056014045955361,2.965451249699613
20.02002002002002,-8.957124413359868,3.175934215211671
20.12012012012012,-9.614538483530957,4.329974197869326
20.22022022022022,-8.738883368010228,3.843191577636002
20.32032032032032,-6.445252313618162,0.44459825808328546
20.42042042042042,-3.2195335995971885,1.6084950819080217
20.52052052052052,0.23535099538358883,1.2644634948590419
20.62062062062062,3.2205518457944047,0.7344941086811133
20.72072072072072,5.253910739057263,2.180182907780023
20.82082082082082,6.201896985889214,1.3270550972667694
20.92092092092092,6.287641379953607,-0.5583124545945407
21.02102102102102,5.9757739324923715,-2.0326211632990265
21.12112112112112,5.777977929969995,-1.510558006555892
21.22122122122122,6.050355617783012,-2.1468024809417754
21.32132132132132,6.855380686279126,1.0151283323960651
21.42142142142142,7.93707553078354,0.18798524263271565
21.52152152152152,8.816972686675529,-1.105476815967506
21.62162162162162,8.975197708177898,0.5050245589374474
21.72172172172172,8.05101239996279,0.7781873177691737
21.82182182182182,5.990829944295938,2.785669849902352
21.92192192192192,3.090932007558188,2.1010613812998757
22.02202202202202,-0.08034330356688502,0.6711703464627532
22.12212212212212,-2.8539037521091024,1.0703789625185314
22.22222222222222,-4.665643671265338,3.842456447825756
22.32232232232232,-5.226836448319244,3.955510072400801
22.42242242242242,-4.603158692955143,1.488100066065865
22.52252252252252,-3.1790676055260145,2.3369280489786055
22.62262262262262,-1.5239008946377623,3.9926271290153466
22.72272272272272,-0.20850350283944064,2.212552385237271
22.822822822822822,0.36466183097916627,2.035574087980631
22.922922922922922,0.06326160020760208,4.139980802625897
23.023023023023022,-0.9691876386236224,3.4656634570778686
23.123123123123122,-2.396641107281676,1.2332712761622306
23.223223223223222,-3.825748184095268,2.5955685651184783
23.323323323323322,-4.940879159346799,0.9767594033988536
23.423423423423422,-5.591594326703822,3.1487108770477756
23.523523523523522,-5.806717267087214,1.3785850821019956
23.623623623623622,-5.738596813801524,0.33672308339058876
23.723723723723722,-5.5671193934137655,0.8869162647471256
23.823823823823822,-5.406073984898765,1.7040822999686367
23.923923923923923,-5.250386406003926,0.4749183239246973
24.024024024024023,-4.983979073551787,0.9382027247444561
24.124124124124123,-4.442470547761725,-0.5063330762869257
24.224224224224223,-3.5027441950886304,-1.8729922883424592
24.324324324324323,-2.1610405482291397,-2.301699934932401
24.424424424424423,-0.5662778361395272,-1.770003580098673
24.524524524524523,1.0066555948613538,-2.5284890251858907
24.624624624624623,2.2352181391165935,-3.8722677528663554
24.724724724724723,2.850709989904299,-4.639589318337579
24.824824824824823,2.7257827987391803,-4.201514540535869
24.924924924924923,1.9164063044499726,-2.0734659700048965
25.025025025025027,0.6441356109856613,-5.070763029682404
25.125125125125127,-0.7732842704238283,-3.8498363869798866
25.225225225225227,-2.0165881898467344,-1.2653833679555664
25.325325325325327,-2.8509102284379795,-1.8015747588761406
25.425425425425427,-3.1745042693852916,-5.369894808013069
25.525525525525527,-3.017875414569006,-3.52954171883345
25.625625625625627,-2.5007255720197525,-5.159580991593028
25.725725725725727,-1.7696476442890632,-4.215003682616569
25.825825825825827,-0.9447248347524344,-3.2200228678264535
25.925925925925927,-0.09638742043429083,-2.3255045806280776
26.026026026026027,0.7417172726725489,-4.709739704218967
26.126126126126128,1.5356553077808786,-5.311417255749416
26.226226226226228,2.213687103191713,-2.606108201217306
26.326326326326328,2.6530798315319695,-6.847179878408877
26.426426426426428,2.7054122420859357,-3.3774838756461913
26.526526526526528,2.256435045076994,-3.70017611470012
26.626626626626628,1.2984744025589108,-5.148307174957102
26.726726726726728,-0.016826740220894365,-4.128009557205785
26.826826826826828,-1.3749156665414843,-3.4560586224896497
26.926926926926928,-2.3577025352857395,-3.1712492485420833
27.027027027027028,-2.556304338813894,-3.6517603252925728
27.127127127127128,-1.705063194719226,-1.3608916200990202
27.227227227227228,0.2079658222263998,-1.1561674454761637
27.32732732732733,2.8960757993073485,-0.6319459944781927
27.42742742742743,5.818070750833192,-0.29714832177292383
27.52752752752753,8.30658710244792,-1.7120138765894235
27.62762762762763,9.746734517336193,-0.8780293065000462
27.72772772772773,9.75213976348575,-0.36963307343594587
27.82782782782783,8.283338080563356,0.1646813526679481
27.92792792792793,5.669627404237351,1.1807977190260412
28.02802802802803,2.524996785986584,1.9911216186087997
28.12812812812813,-0.4181188599875574,2.849190065286478
28.22822822822823,-2.5077466953747036,1.9760351530905989
28.32832832832833,-3.344598395888128,1.8211060237596806
28.42842842842843,-2.877451439871527,2.026041443859083
28.52852852852853,-1.396419998535111,3.109963647573543
28.62862862862863,0.5690969756847561,4.776608822115512
28.72872872872873,2.412445229756387,5.811671914000605
28.82882882882883,3.620423734607515,5.37475377836662
28.92892892892893,3.9025158594084663,5.31705164867132
29.02902902902903,3.2452718553701962,4.37825983753568
29.12912912912913,1.8843036659019023,4.3940547292362995
29.22922922922923,0.21205524483161842,4.090040298070568
29.32932932932933,-1.3433435307098678,5.130389803626438
29.42942942942943,-2.429045410945691,3.353502180696016
29.52952952952953,-2.8385247435965004,3.658644901429487
29.62962962962963,-2.5306281168216334,4.879284594812695
29.72972972972973,-1.6033986175703365,4.403067231372329
29.82982982982983,-0.242553100635724,4.00570318219574
29.92992992992993,1.3320445222819375,4.263417864445974
30.03003003003003,2.9046087773726397,3.30966461562631
30.13013013013013,4.280762589324187,3.871028740116534
30.23023023023023,5.290073757515287,2.898178418426364
30.33033033033033,5.786460838035144,0.4545224133294665
30.43043043043043,5.65805671672303,1.642656394939376
30.53053053053053,4.850418844265831,1.3396632971990992
30.63063063063063,3.396591257031052,3.6288489098473424
30.73073073073073,1.4395580985241447,3.083469849090469
30.83083083083083,-0.7688580022168153,2.004210234318464
30.93093093093093,-2.9023296377839527,4.970981366608996
31.03103103103103,-4.625327027933582,2.049343669451948
31.13113113113113,-5.674156272906998,3.1594445677499623
31.23123123123123,-5.929840735445936,2.6792223559431365
31.33133133133133,-5.458476065225938,0.9719372509149584
31.43143143143143,-4.503202146648956,2.87957948611338
31.53153153153153,-3.426773508238748,1.5911992591727997
31.63163163163163,-2.61969664719684,1.7087001517496745
31.73173173173173,-2.4002949973442096,2.310545883569341
31.83183183183183,-2.935727478737724,0.9688314349143647
31.93193193193193,-4.205967553812883,1.5457797468068286
32.032032032032035,-6.018615105994585,0.015158630951512986
32.132132132132135,-8.066267839627859,0.09965851688536342
32.232232232232235,-10.005725018627295,-0.6224828964937199
32.332332332332335,-11.533702900606134,-0.5001298816294055
32.432432432432435,-12.438134842432031,-3.155597747470936
32.532532532532535,-12.615276656137183,-2.3073091636723295
32.632632632632635,-12.056116700940777,-3.978261102682788
32.732732732732735,-10.815844578943368,-4.934217001501623
32.832832832832835,-8.98367840321663,-7.397168736548047
32.932932932932935,-6.66634926021756,-6.593125302509618
33.033033033033036,-3.989217335868958,-6.93709586324514
33.133133133133136,-1.1086409457567714,-7.692579270048258
33.233233233233236,1.7775923446611392,-8.072439491678299
33.333333333333336,4.435254751352533,-9.062277711872797
33.433433433433436,6.621151619783163,-9.23332051276661
33.533533533533536,8.129680046918045,-12.156611980029547
33.633633633633636,8.844993505937737,-8.76184205157457
33.733733733733736,8.779987089487234,-9.288971719941166
33.833833833833836,8.085347748948335,-10.914621990072483
33.933933933933936,7.0209405889751935,-9.953200042711368
34.034034034034036,5.894661531804431,-6.232846830324023
34.134134134134136,4.985783577618427,-9.366648717370227
34.234234234234236,4.476180456715125,-6.757228920415415
34.334334334334336,4.411045443464634,-6.56001047380645
34.434434434434436,4.701265688894994,-6.761418939777938
34.53453453453454,5.165771227092408,-3.7622568792833526
34.63463463463464,5.598901120583076,-2.830590839655489
34.73473473473474,5.839852066674848,-2.285733228452437
34.83483483483484,5.8213606978949946,-1.627713652710271
34.93493493493494,5.582717611035289,-0.5918099334906466
35.03503503503504,5.244986029797272,-0.07605777512616295
35.13513513513514,4.959227247192565,2.7418973293397544
35.23523523523524,4.847071805981265,3.378365404712083
35.33533533533534,4.954359431329504,2.767460107181103
35.43543543543544,5.232754538649494,3.2552792815381286
35.53553553553554,5.553763102428064,6.151878056291537
35.63563563563564,5.748458397004436,6.423946247897552
35.73573573573574,5.658399537559851,5.616299760434078
35.83583583583584,5.181086082042384,8.559405069040885
35.93593593593594,4.296923414670918,7.334539863806546
36.03603603603604,3.072056969915156,7.807599373313963
36.13613613613614,1.6394353721647286,9.338175775916149
36.23623623623624,0.1661839700187433,9.721643819802033
36.33633633633634,-1.1827329842310592,9.27665984741461
36.43643643643644,-2.27625578935235,9.99943275330791
36.53653653653654,-3.0396350603572424,10.507398704057604
36.63663663663664,-3.466080789539041,8.594953725958966
36.73673673673674,-3.617844866005198,9.337789347216654
36.83683683683684,-3.6166981572435013,9.65132092348571
36.93693693693694,-3.6229021561761128,10.997967900266318
37.03703703703704,-3.8020743712867646,9.633214842685963
37.13713713713714,-4.282075336272415,10.711506542441809
37.23723723723724,-5.107019810907646,7.376377285097562
37.33733733733734,-6.200844144849205,8.248564836369491
37.43743743743744,-7.355578580484506,6.224976601579046
37.53753753753754,-8.256861254554266,6.063212980730924
37.63763763763764,-8.550304077451749,4.064528188564363
37.73773773773774,-7.938773658677685,1.914851128595038
37.83783783783784,-6.2867466582520155,1.962047186582741
37.93793793793794,-3.6991759343496318,2.5008769585244477
38.03803803803804,-0.5434715947433004,0.5053219495095478
38.13813813813814,2.603986827212564,0.0103154854876496
38.23823823823824,5.0833998859385225,-0.8004526828558521
38.33833833833834,6.321016747532458,-1.1913971866243471
38.43843843843844,5.995432418706864,-1.852967574957375
38.53853853853854,4.14813751018999,-3.7916335496472677
38.63863863863864,1.1975216268590874,-3.03369744404582
38.73873873873874,-2.157407552655588,-3.000274066339667
38.83883883883884,-5.122691563031689,-3.701597092127364
38.93893893893894,-7.032609572615346,-3.966956395497756
39.03903903903904,-7.54228098090797,-4.795426337644319
39.13913913913914,-6.72693018193497,-6.408158716810485
39.23923923923924,-5.051877713727612,-5.79766835746218
39.33933933933934,-3.2179477713989297,-6.216156853220886
39.43943943943944,-1.9284098531155776,-5.104507279110169
39.53953953953954,-1.6516714357782296,-7.874349234370168
39.63963963963964,-2.4583627209744505,-7.270667226710789
39.73973973973974,-3.9894961472808426,-7.828223027463007
39.83983983983984,-5.570330925765811,-5.42817091193734
39.93993993993994,-6.435953097973188,-6.190263527204679
40.04004004004004,-5.995763172994058,-6.645221189573402
40.14014014014014,-4.048667688856037,-7.590780999739553
40.24024024024024,-0.8748263844147379,-8.498802294950247
40.34034034034034,2.8306084894426435,-7.72369463505725
40.44044044044044,6.164028578011594,-6.270451420055753
40.54054054054054,8.29496081659757,-6.825471192066309
40.64064064064064,8.731075575431003,-6.391354307867888
40.74074074074074,7.478981580293886,-7.75536660513455
40.84084084084084,5.046694661904034,-6.630543976419855
40.94094094094094,2.285662672986806,-5.087606157087425
41.04104104104104,0.12324110274138889,-3.680057407306122
41.14114114114114,-0.7273843145340462,-3.030544802017225
41.24124124124124,0.01414718247997282,-3.720595203198547
41.34134134134134,2.1177028587159734,-2.8252856119656125
41.44144144144144,4.9282029005441546,-2.294402637884744
41.54154154154154,7.582592723715046,-2.300019603225821
41.64164164164164,9.28412452036945,-0.6078657246160195
41.74174174174174,9.543319586384014,-0.0823027018175232
41.84184184184184,8.309323290755746,2.2394578875166165
41.94194194194194,5.9548812208754835,1.7963873446536798
42.04204204204204,3.128618759971082,1.286751118519338
42.14214214214214,0.532020408084358,3.4252823352713415
42.24224224224224,-1.2993770771383168,2.4824352227552158
42.34234234234234,-2.1374226131562377,4.239359608141408
42.44244244244244,-2.083767335482089,5.411525362157516
42.54254254254254,-1.4761418835921147,3.7736871021222305
42.64264264264264,-0.7225883054455644,6.562624713160017
42.74274274274274,-0.13099045501392803,5.744848725945526
42.84284284284284,0.20117198562587757,5.447647118877283
42.94294294294294,0.39817773729592254,5.2568716906325985
43.04304304304304,0.7194865051277102,6.254290286451383
43.14314314314314,1.4141050173865133,6.835636893729184
43.24324324324324,2.576894019095011,6.613911750660418
43.34334334334334,4.066218202019638,6.50116596345696
43.44344344344344,5.51805871453962,5.891041248442347
43.54354354354354,6.45419222696299,6.2803898337812205
43.64364364364364,6.445542653352673,6.65161980258708
43.74374374374374,5.270039536752801,7.351402286666133
43.84384384384384,3.0053653489451513,6.588474051491727
43.94394394394394,0.020385876001477454,4.42183564807237
44.04404404404404,-3.133924127020498,6.169942386307601
44.14414414414414,-5.896372815574232,5.130744688648581
44.24424424424424,-7.869465779377323,5.1158198820701575
44.34434434434434,-8.93368658369748,4.66760057573171
44.44444444444444,-9.262123803827105,5.988296225785578
44.54454454454454,-9.231560049082075,4.468074295331196
44.64464464464464,-9.263517919834822,2.702923084674846
44.74474474474474,-9.653771564000802,1.65051068128254
44.84484484484484,-10.452488230967173,2.909781214335081
44.94494494494494,-11.438318590489303,0.3711115475515403
45.04504504504504,-12.195440996869554,-0.3147025153135627
45.14514514514514,-12.265337368097605,-0.8294640348296505
45.24524524524524,-11.318383324130453,-1.2941526428926176
45.34534534534534,-9.283628549081717,-2.9951191814025186
45.44544544544544,-6.3905354463097055,-4.508042898234073
45.545545545545544,-3.1080674695779633,-3.8066120106654835
45.645645645645644,-0.0027962597646062903,-6.357672415564653
45.745745745745744,2.434369476576883,-7.504395963333919
45.845845845845844,3.933354544978169,-6.879539228147459
45.945945945945944,4.513713758909156,-8.294757438840463
46.046046046046044,4.456496884960781,-7.80949738337205
46.146146146146144,4.192550472822415,-9.404412586585666
46.246246246246244,4.148604088387222,-9.545877984094657
46.346346346346344,4.6049287208810785,-9.181120234695367
46.446446446446444,5.611571744304165,-10.334619820644937
46.546546546546544,6.987473372934586,-11.22752176333222
46.646646646646644,8.39696634391592,-8.232104229340736
46.746746746746744,9.472148054673976,-8.890711309263425
46.846846846846844,9.936338358468479,-9.11481527799891
46.946946946946944,9.68715674659497,-7.2751373896127305
47.047047047047045,8.815316752022017,-5.920451664463248
47.147147147147145,7.559687983638938,-5.6598340046836935
47.247247247247245,6.221155686532134,-4.498312620098747
47.347347347347345,5.069529566497394,-2.757197268951331
47.447447447447445,4.275812809900746,-1.0553816596310626
47.547547547547545,3.8885161710570753,0.31640560506214066
47.647647647647645,3.853657248805928,0.4144577013600502
47.747747747747745,4.061500931634923,1.3374257061935713
47.847847847847845,4.395304479145198,2.4016941337553206
47.947947947947945,4.760710696320026,2.0549786150638574
48.048048048048045,5.086678671602959,4.825602490414887
48.148148148148145,5.3041147817500365,4.675688783424507
48.248248248248245,5.319823462960136,4.890596914150429
48.348348348348345,5.006044054332829,8.652009598588673
48.448448448448445,4.218566561828762,7.93728994520822
48.548548548548546,2.8424097811283424,7.768593698964439
48.648648648648646,0.8494260714743671,9.50512632628361
48.748748748748746,-1.6565178450175264,9.0502255415554
48.848848848848846,-4.429762298697798,11.199688273560549
48.948948948948946,-7.119930320613311,11.434904777404432
49.049049049049046,-9.349808546358465,10.38290683946415
49.149149149149146,-10.81134105652053,9.302564992713368
49.249249249249246,-11.348049972672385,9.153797694123964
49.349349349349346,-10.994868497859652,8.277474210486979
49.449449449449446,-9.960260424017239,8.9965038995722
49.549549549549546,-8.555730207517508,9.308392151991724
49.649649649649646,-7.096882518692121,5.2492842031719915
49.749749749749746,-5.810767646386537,5.872610225284488
49.849849849849846,-4.78209760162958,4.121521150684195
49.949949949949946,-3.9565483804683437,2.552747169904835
50.050050050050054,-3.197960177197828,1.313733686838234
50.150150150150154,-2.3757791538603197,0.6926181992512566
50.250250250250254,-1.4473231749716655,2.117001380565731
50.350350350350354,-0.5010160334580593,-0.06561894955307526
50.450450450450454,0.25872123125916335,-0.9808737237400917
50.550550550550554,0.581956332969991,-3.725505338092227
50.650650650650654,0.27438679177197756,-2.665827756600752
50.750750750750754,-0.7086218191163156,-3.6222715175231226
50.850850850850854,-2.2120942314813488,-4.31434402581269
50.950950950950954,-3.8980057259124434,-4.966846017363087
51.051051051051054,-5.3274299652644945,-5.680989373739557
51.151151151151154,-6.08368583983154,-6.2530716494479455
51.251251251251254,-5.896466507569508,-5.622674525497906
51.351351351351354,-4.725426476848387,-6.9061394059438745
51.451451451451454,-2.774786784632263,-8.261167057664828
51.551551551551555,-0.43361671853588923,-6.803581080792656
51.651651651651655,1.8385907362856662,-9.524696637436161
51.751751751751755,3.643383061839563,-8.53078543108188
51.851851851851855,4.749274742892681,-8.095965973988454
51.951951951951955,5.139279622197651,-6.99444977623567
52.052052052052055,4.9878462673579005,-7.541497098383506
52.152152152152155,4.579116775915558,-8.436719679143119
52.252252252252255,4.197541861637672,-7.170345362944105
52.352352352352355,4.02953457198967,-6.006644359614288
52.452452452452455,4.108837981762985,-5.798813397278025
52.552552552552555,4.3213145121983985,-7.464084465024677
52.652652652652655,4.463374739214557,-5.708921868547914
52.752752752752755,4.329985407862503,-6.576787623363266
52.852852852852855,3.7993461247842544,-2.2272229053427015
52.952952952952955,2.884458809085439,-4.738417716847703
53.053053053053056,1.7351098320729221,-2.4912543113994854
53.153153153153156,0.5919345040345849,-2.443235642646684
53.253253253253256,-0.2894454175885848,-0.5766281398676297
53.353353353353356,-0.717300290776536,-0.5118312311703621
53.453453453453456,-0.6197889374032153,-0.3563850851385635
53.553553553553556,-0.06191815443103632,2.3370807256472936
53.653653653653656,0.7784262466402012,2.8256805201372224
53.753753753753756,1.6639252231205957,1.9393421096197754
53.853853853853856,2.36143702293438,2.0798981437419304
53.953953953953956,2.696162475281442,1.8440440701253185
54.054054054054056,2.5830818979085075,3.3832635827712725
54.154154154154156,2.0320445995618455,4.857087819783203
54.254254254254256,1.1317793750671843,3.661317795276303
54.354354354354356,0.022979565067383856,4.476130230115075
54.454454454454456,-1.1296308312348033,4.80960423004223
54.55455455455456,-2.1605150034762435,2.6246683520334573
54.65465465465466,-2.9214023397280036,4.41193984972121
54.75475475475476,-3.2972886484701487,4.370214153790255
54.85485485485486,-3.2233084677572394,5.429857059781779
54.95495495495496,-2.7019664964709356,4.1025403863390695
55.05505505505506,-1.8154912909649572,5.184023700113959
55.15515515515516,-0.7250359059886928,5.182119890866309
55.25525525525526,0.350532159777477,2.4645049996725836
55.35535535535536,1.1778559868461522,3.9767699403198993
55.45545545545546,1.5673155520915858,0.8924688733926054
55.55555555555556,1.4310487175950564,3.376819590316705
55.65565565565566,0.821559487748289,2.3441441319793226
55.75575575575576,-0.06557398125127012,2.5311191530206627
55.85585585585586,-0.931869399479679,-0.5181322882700914
55.95595595595596,-1.4523468952978291,1.3345088328319412
56.05605605605606,-1.3684163956511473,2.1965504441758164
56.15615615615616,-0.5697772265519673,1.9824284745198395
56.25625625625626,0.861145843923024,1.5814277219199235
56.35635635635636,2.6586600865247,3.7654432631790606
56.45645645645646,4.437399326582948,1.1918927808916022
56.55655655655656,5.793226093745577,0.22725326580893276
56.65665665665666,6.412422180348925,1.038379385936689
56.75675675675676,6.1570595158132795,0.44066301719146095
56.85685685685686,5.101586257474024,1.3801739086376246
56.95695695695696,3.510658235104728,1.5400845517186927
57.05705705705706,1.7660547699717695,0.8888863009033521
57.15715715715716,0.2652517054205197,0.6036209969981148
57.25725725725726,-0.6787670323153971,0.5495838916079375
57.35735735735736,-0.9094157159994667,1.4860961949486065
57.45745745745746,-0.45364823334458415,0.9647050154859449
57.55755755755756,0.4977071405774329,2.632709205111799
57.65765765765766,1.6452549909269782,1.327955725619269
57.75775775775776,2.653014515468048,1.1266514752056545
57.85785785785786,3.217488300248907,0.9851980516433475
57.95795795795796,3.119745756451083,1.6828028050747086
58.05805805805806,2.254913590868492,2.9665512959659304
58.15815815815816,0.6410438146967903,1.340237856386496
58.25825825825826,-1.5868208297524156,0.6065701439835229
58.35835835835836,-4.192173175703254,2.350964865463465
58.45845845845846,-6.860490717042274,1.654454826624214
58.55855855855856,-9.232497932710691,3.360252007383985
58.65865865865866,-10.949882404572566,1.4269925907829073
58.75875875875876,-11.71274232310084,1.6796694834005823
58.85885885885886,-11.341534912356025,0.6973826112492035
58.95895895895896,-9.829588909033822,-0.45505216968033324
59.05905905905906,-7.369019622365348,-1.2821372620913385
59.15915915915916,-4.335865176635105,-0.9998205463354981
59.25925925925926,-1.2298015093058732,-1.2745611556119743
59.35935935935936,1.422613495754978,-1.5553759892864654
59.45945945945946,3.1792202080810736,-1.5799287247409137
59.55955955955956,3.778805146398998,-2.8118607182658626
59.65965965965966,3.195509114517216,-1.9182010430736605
59.75975975975976,1.6349816294978385,-2.1601163240495724
59.85985985985986,-0.5264016514585945,-3.744022402649481
59.95995995995996,-2.8402609796349134,-3.403696613116379
60.06006006006006,-4.892297575519095,-4.51320712092988
60.16016016016016,-6.384068246811708,-5.047919805271017
60.26026026026026,-7.168765313983586,-2.543965940342543
60.36036036036036,-7.2368061330625615,-6.10676216727996
60.46046046046046,-6.665460792946502,-4.081281950805278
60.56056056056056,-5.55901398893604,-7.161273503152577
60.66066066066066,-4.007218547983612,-5.265542284480187
60.76076076076076,-2.0794607476861406,-4.0351278383399745
60.86086086086086,0.14580078276632036,-5.417136074658788
60.96096096096096,2.5348223462383186,-6.275084844889728
61.06106106106106,4.864597914724152,-6.432215110412452
61.16116116116116,6.82802337476444,-6.199396836123791
61.26126126126126,8.09025818933815,-6.312332704130901
61.36136136136136,8.38592596162044,-3.3074644494867558
61.46146146146146,7.6255984062179705,-3.0434354404700867
61.56156156156156,5.9691315275464225,-4.572563223265259
61.66166166166166,3.8286529569642003,-4.241323583940421
61.76176176176176,1.7852045323200598,-4.143498166487437
61.86186186186186,0.43371456595656865,-2.376339740045446
61.96196196196196,0.20021638004845504,-3.699024128204859
62.06206206206206,1.1916151911586832,-2.546621095457577
62.16216216216216,3.1342179587947347,-3.798261541257407
62.26226226226226,5.432092575510571,-1.4446669896188093
62.36236236236236,7.3373439603766855,-1.1902271286059953
62.46246246246246,8.18454131276756,-0.007824913664827127
62.56256256256256,7.615115082922513,-0.06488335983154936
62.66266266266266,5.7150745065642905,1.0237533845379114
62.76276276276276,3.01350365231163,2.9761699140164675
62.86286286286286,0.3332750487311794,2.2330896014853217
62.96296296296296,-1.4648919292621394,3.901578263966946
63.06306306306306,-1.7654848683172273,3.5129246526165803
63.16316316316316,-0.41557745163863924,5.179692112087468
63.26326326326326,2.1985634521617206,4.933701308227188
63.36336336336336,5.246870504386733,5.838785906665714
63.46346346346346,7.698055706302239,5.9888831487265755
63.56356356356356,8.635048200405572,5.801757743808058
63.66366366366366,7.54298534769931,5.659731838908202
63.76376376376376,4.476401079670798,7.019469324946616
63.86386386386386,0.050446575071021904,6.179240471301291
63.96396396396396,-4.741979234980553,7.930931650451734
64.06406406406407,-8.82842320261674,7.226707733615927
64.16416416416416,-11.374055729044098,7.011184591277129
64.26426426426427,-12.015959173583386,6.459524620767555
64.36436436436436,-10.941027886760489,6.885586257477896
64.46446446446447,-8.78659075163942,6.913483522826225
64.56456456456456,-6.4018095972042515,5.563736415658692
64.66466466466467,-4.553215131410662,4.378910544484864
64.76476476476476,-3.6742563804634893,3.610825088412474
64.86486486486487,-3.7412858353182323,2.9668862274406194
64.96496496496496,-4.313478323891388,2.9985050650908915
65.06506506506507,-4.717583817538262,2.0202133771244926
65.16516516516516,-4.309668035770589,2.670926545247755
65.26526526526527,-2.7215620016651414,1.0155184027488358
65.36536536536536,-0.007396455791642165,-0.7923843775601557
65.46546546546547,3.3580863944594594,-1.3078016756079522
65.56556556556556,6.62596817531591,-3.1500533144948077
65.66566566566567,9.01177773555555,-2.113879796139229
65.76576576576576,9.94407886284189,-3.612080895030265
65.86586586586587,9.240070066300536,-3.1771216419377444
65.96596596596596,7.15268351712404,-2.7428011600183626
66.06606606606607,4.278820926709188,-2.092536314582708
66.16616616616616,1.3650509420742791,-2.8171406168786106
66.26626626626627,-0.9207355954497993,-2.815831780452243
66.36636636636636,-2.1758913385227756,-3.5537021669359823
66.46646646646647,-2.3507362003500987,-2.4002004279249007
66.56656656656656,-1.7173215120106589,-3.8246298210801943
66.66666666666667,-0.7404154901599833,-0.9052672274371842
66.76676676676676,0.09706018153708484,-2.420215050338894
66.86686686686687,0.45127176633362165,-1.0550044425198641
66.96696696696696,0.20661307522109063,-1.2865828510195563
67.06706706706707,-0.5251388817395308,-4.548636129160999
67.16716716716716,-1.4834226387466563,-0.07062944698013629
67.26726726726727,-2.376432422211745,-1.0479101980247418
67.36736736736736,-2.9889028977737833,-1.5440150375315032
67.46746746746747,-3.240674392008139,1.2362022871394358
67.56756756756756,-3.1800491623163465,-0.8522228891012371
67.66766766766767,-2.9237007637182066,-0.7518562096136241
67.76776776776777,-2.5758807675247293,-1.3275084222761104
67.86786786786787,-2.166003034845499,-3.076711516780583
67.96796796796797,-1.633551266775692,-0.6117606994184321
68.06806806806807,-0.8673554324028909,-0.7686409692935705
68.16816816816817,0.2181842744060145,-0.09462887525185326
68.26826826826827,1.6043872153260277,-0.6047409877644004
68.36836836836837,3.1242907278281473,-0.5462956235231368
68.46846846846847,4.47783888890568,-1.8170436994704073
68.56856856856857,5.307546508109199,-1.1818334477747654
68.66866866866867,5.31132124337413,-1.8509772277191963
68.76876876876877,4.352771885999191,-2.1430373684027484
68.86886886886887,2.527730150994508,0.0013356243810146162
68.96896896896897,0.159749091469084,-0.8335078867353949
69.06906906906907,-2.2780444128082986,0.36528944063811686
69.16916916916917,-4.291233185382057,2.050877117194963
69.26926926926927,-5.5010032949779335,-0.21145397734409943
69.36936936936937,-5.744823886609156,0.6117964930927547
69.46946946946947,-5.1086528060482,1.1540376390558431
69.56956956956957,-3.8821581164963783,1.1019195593625315
69.66966966966967,-2.4547053522411124,-0.19394719281542006
69.76976976976977,-1.1892095362733106,1.1342458150638506
69.86986986986987,-0.31669786562757496,-0.7932344390771839
69.96996996996997,0.11501003291298328,-0.19463361876164637
70.07007007007007,0.22576541409880502,1.5191221889865159
70.17017017017017,0.23198366010349858,1.2834517118161408
70.27027027027027,0.34987008994564484,0.4491258168028356
70.37037037037037,0.709677603593887,1.5984928342853406
70.47047047047047,1.3108777996576269,-0.3260206477942009
70.57057057057057,2.0309770077319693,-1.3192978238149538
70.67067067067067,2.680135231788835,-1.0175548504939949
70.77077077077077,3.0775419450273573,0.009049142586489922
70.87087087087087,3.119386628805528,-1.600480501232925
70.97097097097097,2.813834605697404,1.5893232758188927
71.07107107107107,2.2727727322220797,-0.5117732512456673
71.17117117117117,1.6671565325834559,1.5735894998394278
71.27127127127127,1.1658396412396206,-0.013887973635018133
71.37137137137137,0.8820459604589752,0.13462991501372729
71.47147147147147,0.8461342706449111,-2.0403030447757997
71.57157157157157,1.010927882600515,-0.19659137988760667
71.67167167167167,1.2821488836161463,1.1935230011747158
71.77177177177177,1.5571661614456551,0.7138566441090869
71.87187187187187,1.7539857523430473,0.7373783611181248
71.97197197197197,1.8192837238097725,0.5944058849991657
72.07207207207207,1.7159160142718985,1.6297868938782907
72.17217217217217,1.4013462156610053,0.013864774606209718
72.27227227227228,0.8137281922126425,-1.10739759372882
72.37237237237237,-0.12063516919511663,2.187691655720618
72.47247247247248,-1.4550312165843442,2.938925512825089
72.57257257257257,-3.1751131256110874,0.5605192889554582
72.67267267267268,-5.156922746139078,3.2869957771029434
72.77277277277277,-7.15286626825622,1.9886052650673869
72.87287287287288,-8.82099635177395,1.747600862300113
72.97297297297297,-9.797792187113222,1.120192299106962
73.07307307307308,-9.797096716869412,1.089681633399499
73.17317317317317,-8.704813455173392,1.4648232339523979
73.27327327327328,-6.635986889645897,-0.6594402353620454
73.37337337337337,-3.930074843387484,0.9455806321560397
73.47347347347348,-1.0791319580755692,-2.8188241029326218
73.57357357357357,1.3939975289641522,-1.3863006272294036
73.67367367367368,3.0724284878668504,-2.9929533693682133
73.77377377377377,3.755009222592833,-2.18108991387863
73.87387387387388,3.504338240316557,-3.298551907751367
73.97397397397397,2.6173662026786086,-4.918975573896426
74.07407407407408,1.5277247873786992,-2.889141725806079
74.17417417417417,0.6709567648478343,-2.3207733437453313
74.27427427427428,0.3555210285251573,-4.641293578391877
74.37437437437437,0.6798173484432963,-4.456285226905556
74.47447447447448,1.5195143747925572,-2.762129103909651
74.57457457457457,2.585784628707952,-3.192851800119416
74.67467467467468,3.531860062187916,-2.9213186952469408
74.77477477477477,4.070497508745092,-3.3272938873061215
74.87487487487488,4.063267325569771,-4.346440385309299
74.97497497497497,3.5541342366255413,-0.9702261276097226
75.07507507507508,2.740077967119719,-2.6702933586345017
75.17517517517517,1.893140001272248,-2.0556053990684333
75.27527527527528,1.263764617758572,-3.1844236966929316
75.37537537537537,0.9996138628765481,-1.0328047161133553
75.47547547547548,1.1063269499301942,-0.5380086234298916
75.57557557557557,1.4603763120243833,-0.5151396042942123
75.67567567567568,1.8654850794638058,-1.4897044612562487
75.77577577577577,2.129703312551596,-0.7707104670482452
75.87587587587588,2.1349164310301045,-1.5589812228991233
75.97597597597597,1.875468328620522,-0.47302180832724494
76.07607607607608,1.455186201397157,1.4059214841312277
76.17617617617617,1.0473072087392783,1.7737699128091546
76.27627627627628,0.8340250783428633,1.1747889974513062
76.37637637637637,0.9475592497902467,4.285565183049772
76.47647647647648,1.4316781349471979,2.92569987213172
76.57657657657657,2.233437260979291,2.175768654662297
76.67667667667668,3.2235473924937987,0.9406262028828167
76.77677677677677,4.234650040242455,3.0749017190993477
76.87687687687688,5.102884190115799,3.5864691998033553
76.97697697697697,5.700133538529357,4.5246032923295925
77.07707707707708,5.950516336062753,2.0215665973250116
77.17717717717717,5.831853966330833,4.77559312837649
77.27727727727728,5.3678859182525285,3.9769979483623006
77.37737737737737,4.6180954980735445,5.658620134555696
77.47747747747748,3.669384796162163,5.291324133585977
77.57757757757757,2.6294433464996487,5.790904108078479
77.67767767767768,1.6181657330636827,6.84079544721123
77.77777777777777,0.752972663824206,5.59246036532929
77.87787787787788,0.12686443505484757,6.669282417955146
77.97797797797797,-0.21688402919050054,5.961607087899939
78.07807807807808,-0.30490956776126277,7.459245251436037
78.17817817817817,-0.2389521427617609,6.408849801405412
78.27827827827828,-0.17935165826764676,6.777088586838925
78.37837837837837,-0.30727991412966704,5.185235125143601
78.47847847847848,-0.7746519046479579,5.928433727359069
78.57857857857857,-1.6570204368152455,5.770028630272341
78.67867867867868,-2.925924555652998,5.247175840052252
78.77877877877877,-4.451969881256378,6.151854759712022
78.87887887887888,-6.039747933463056,3.380907077718671
78.97897897897897,-7.484123528489271,3.842867596805383
79.07907907907908,-8.628900218633136,4.185844982017592
79.17917917917917,-9.40701493142214,4.521983342336437
79.27927927927928,-9.84742850913441,3.626949045256569
79.37937937937937,-10.045944035938835,2.199866675457355
79.47947947947948,-10.110969035236044,0.8558847609414146
79.57957957957957,-10.10547027819003,1.1557202518711294
79.67967967967968,-10.008866078951126,0.04846287899821866
79.77977977977977,-9.715962738824901,-1.7735303885243123
79.87987987987988,-9.076347842200342,-2.0931652090380686
79.97997997997997,-7.961819152102643,-3.5096662510058567
80.08008008008008,-6.337434018236609,-4.594388965067891
80.18018018018019,-4.308396029278226,-6.291896262778329
80.28028028028028,-2.1219593233396354,-6.857045749920506
80.38038038038039,-0.11868588612102915,-6.5818876594989995
80.48048048048048,1.3545685808779198,-8.774244446783554
80.58058058058059,2.043199733370119,-8.332667450267074
80.68068068068068,1.8628776958984088,-10.055241671798319
80.78078078078079,0.9308843285597761,-9.096304189336433
80.88088088088088,-0.46024931004223624,-11.104590340442304
80.98098098098099,-1.9187667263645938,-10.1824506327339
81.08108108108108,-3.055182713418471,-10.508648188383894
81.18118118118119,-3.577538003275461,-10.283613782611734
81.28128128128128,-3.3522956539255078,-10.889657066782787
81.38138138138139,-2.4158592680420075,-8.913273143086286
81.48148148148148,-0.9391884625695663,-8.914030466299316
81.58158158158159,0.836704305852475,-7.811142205940309
81.68168168168168,2.6690026830359885,-9.536079894389891
81.78178178178179,4.362211348590408,-9.028863426345028
81.88188188188188,5.7862385455185255,-7.167827278495653
81.98198198198199,6.865994518088054,-6.363469291494384
82.08208208208208,7.556899897713836,-10.216537707347063
82.18218218218219,7.825010223450441,-5.417288694946764
82.28228228228228,7.645656871415245,-7.397516700722544
82.38238238238239,7.022939284293345,-4.144769320477496
82.48248248248248,6.019425287381056,-4.102309804245335
82.58258258258259,4.7771293973237015,-1.9578482978145428
82.68268268268268,3.5114944821775875,-3.0735420708388865
82.78278278278279,2.470175828286822,-1.176917946113756
82.88288288288288,1.8642059927020145,-0.4534119433203822
82.98298298298299,1.7940342978174666,0.7140279707493132
83.08308308308308,2.200170560706006,-0.5603060134301827
83.18318318318319,2.863537041308418,3.3982150699250413
83.28328328328328,3.4645816277602983,1.999628708071191
83.38338338338339,3.6880033890480117,3.4348303771912176
83.48348348348348,3.3399587815735665,5.038034104964155
83.58358358358359,2.43518733460746,6.019395109018678
83.68368368368368,1.2175620176257347,6.040150955598589
83.78378378378379,0.09842182035150948,6.1637208706762285
83.88388388388388,-0.47387813620673236,6.60612973451173
83.98398398398399,-0.17279327552933,5.042634111286487
84.08408408408408,1.0740636387702862,6.1314140219709214
84.18418418418419,3.029335090194568,8.225664153313781
84.28428428428428,5.193917456152438,6.489613448792788
84.38438438438439,6.950263748088382,8.729434157366958
84.48448448448448,7.757993837467806,8.395716933701044
84.58458458458459,7.337190488145995,7.314496418662135
84.68468468468468,5.774901725810889,7.657568730403327
84.78478478478479,3.513515841508535,9.338367128300252
84.88488488488488,1.2187715748131298,8.347952041925916
84.98498498498499,-0.4329669605464337,8.153973406601672
85.08508508508508,-0.978701364909238,8.005581138675911
85.18518518518519,-0.3278978011114786,9.025283478997078
85.28528528528528,1.199721936711847,9.972922207565432
85.38538538538539,2.9739752308400007,7.867970089599396
85.48548548548548,4.260852141583385,7.0407245669119725
85.58558558558559,4.467696245743509,7.722479592714555
85.68568568568568,3.3440312584248786,7.446495973418025
85.78578578578579,1.069105334345155,4.909025474039716
85.88588588588588,-1.8045759373431594,5.886563439443439
85.98598598598599,-4.533058148250109,6.649667341100574
86.08608608608608,-6.426035913466143,5.40083770477581
86.18618618618619,-7.071159030663779,7.392808210045826
86.28628628628628,-6.460753652490804,5.452587253161606
86.38638638638639,-4.9784137357751925,3.8470206714941777
86.48648648648648,-3.252170428519281,3.1176210718126844
86.58658658658659,-1.9278102610934962,3.7333481529054255
86.68668668668668,-1.4437212215398725,0.794341255601958
86.78678678678679,-1.8874277986167867,2.3173457737253162
86.88688688688688,-2.9840789983300087,1.6640885287248097
86.98698698698699,-4.219196800165297,0.5054523838795801
87.08708708708708,-5.049136268510203,1.2294061098941547
87.18718718718719,-5.120543947082771,0.5009289993785196
87.28728728728728,-4.416342477727633,0.4027896045735062
87.38738738738739,-3.272008193086231,-2.3690628809444716
87.48748748748748,-2.252967966955246,-2.6743232368312295
87.58758758758759,-1.9350835721280597,-3.394437699826588
87.68768768768768,-2.6670480547509867,-3.799327595159456
87.78778778778779,-4.402639494274952,-1.8921817625946749
87.88788788788789,-6.668461351674971,-5.5871516350222485
87.98798798798799,-8.686476508359643,-5.454357604849509
88.08808808808809,-9.61631792823564,-3.4803727010809817
88.18818818818819,-8.83900921925536,-6.3173629405875085
88.28828828828829,-6.186645599545644,-5.686974739848883
88.38838838838839,-2.0380164397639686,-5.265707884489954
88.48848848848849,2.7568875052089004,-6.650987197229062
88.58858858858859,7.104511488861069,-9.357398408615056
88.68868868868869,9.978371170515487,-8.025415736952176
88.78878878878879,10.7160462781963,-8.63127530854616
88.88888888888889,9.210112948286845,-9.377749725623419
88.988988988989,5.934763416923161,-6.748425319990736
89.08908908908909,1.8022441787748613,-9.229654898663533
89.1891891891892,-2.1036925809718303,-9.78015221416551
89.28928928928929,-4.833649007341865,-6.397090933211024
89.3893893893894,-5.825388173064523,-5.447651593035646
89.48948948948949,-5.031940914709544,-5.759271789137507
89.5895895895896,-2.8953793418353797,-3.811344550055106
89.68968968968969,-0.18525444679920722,-3.306702076862865
89.7897897897898,2.2400459691975048,-3.25838851139971
89.88988988988989,3.6727586692404968,-2.039490031605483
89.98998998999,3.7270723484939468,-2.5910720742123288
90.09009009009009,2.401396908733762,-3.453883352345249
90.1901901901902,0.028361290122116856,-2.05625396507951
90.29029029029029,-2.8565148114404613,-2.1779386748617515
90.3903903903904,-5.676651577655066,-0.2948311227182169
90.49049049049049,-7.955087886100134,0.11320223252886796
90.5905905905906,-9.398302254382662,-0.7771414206440466
90.69069069069069,-9.912398528389389,-1.5803443677589433
90.7907907907908,-9.564815591961,-1.0931396936458277
90.89089089089089,-8.519353108024028,0.8854706957113608
90.990990990991,-6.9738524084470965,-1.1166282615582717
91.09109109109109,-5.1199949644601155,-0.7686902730695928
91.1911911911912,-3.1292519902639135,-1.8293279884566571
91.29129129129129,-1.1553720000237613,-1.3863139140183023
91.3913913913914,0.6623632472245014,-1.043477201820104
91.49149149149149,2.2076668222735623,-0.7864362000182008
91.5915915915916,3.4099563739259935,-0.5803167097623492
91.69169169169169,4.271993703575976,-4.439348432654646
91.7917917917918,4.8860083243329,-3.554027546169764
91.89189189189189,5.4229588952091525,-4.192456331646417
91.991991991992,6.089044368817255,-3.2020727525912656
92.09209209209209,7.057639974846045,-1.618463402870769
92.1921921921922,8.397497582913736,-3.0637003429971257
92.29229229229229,10.023577105095772,-2.078693676073726
92.3923923923924,11.692226465879676,-0.8865323074178203
92.49249249249249,13.048620924972589,-3.1796595828173153
92.5925925925926,13.71621108019297,0.04354671633295826
92.69269269269269,13.402192956038698,-1.3867078636652226
92.7927927927928,11.985828932520008,1.535687825756518
92.89289289289289,9.560865862641755,0.8930238227199645
92.992992992993,6.418039570155505,3.631947762134682
93.09309309309309,2.9735313769797864,2.4213786324513475
93.1931931931932,-0.3329246555613822,3.579895023253623
93.29329329329329,-3.1372532518146565,7.168836513893239
93.3933933933934,-5.217006413082754,6.5212237139111515
93.49349349349349,-6.506700621297498,5.577123256929975
93.5935935935936,-7.063959122073216,7.55476644297641
93.69369369369369,-7.0052963504012995,7.396207686348697
93.7937937937938,-6.4399500929138265,5.881847784690864
93.89389389389389,-5.428569864670482,7.083141821032834
93.993993993994,-3.981760835809821,4.8683302253518566
94.09409409409409,-2.096269268010132,6.793718966540789
94.1941941941942,0.18925387545074113,6.1285525833683
94.29429429429429,2.7453438308096114,6.454637761200553
94.3943943943944,5.333850534250243,5.499254042320393
94.49449449449449,7.633408472370997,4.583709594469555
94.5945945945946,9.303714855088591,3.9215410350278885
94.69469469469469,10.06879727566679,5.019474228481564
94.7947947947948,9.791542473559577,4.74395570290097
94.89489489489489,8.51415218186142,4.585364009957123
94.994994994995,6.450855568315383,4.253462176676889
95.09509509509509,3.935617668913461,5.43412412961601
95.1951951951952,1.342532290577306,5.556485146290479
95.29529529529529,-0.9954019539733858,5.6241165033511935
95.3953953953954,-2.8450218266010907,4.929268965030014
95.49549549549549,-4.095275110170054,7.240131773141009
95.5955955955956,-4.743383234250526,4.6920487741659755
95.69569569569569,-4.858030945393796,6.048811333925549
95.7957957957958,-4.539069032793083,4.3372675462799775
95.89589589589589,-3.8909945411039275,3.059965812104638
95.995995995996,-3.0181119443572153,3.749044368221636
96.09609609609609,-2.0371061916908872,3.794121556452664
96.1961961961962,-1.0931893479299164,2.1309345460417006
96.29629629629629,-0.363278422914338,2.9097855977469798
96.3963963963964,-0.03516117252720541,1.5909857670763858
96.49649649649649,-0.26313562974676774,0.5766072736761918
96.5965965965966,-1.113319527216123,0.5874996258891151
96.69669669669669,-2.5201352973277658,1.6786618095544101
96.7967967967968,-4.275351298585322,1.5047991995373364
96.89689689689689,-6.061733716440063,0.1221885989513663
96.996996996997,-7.527796254697706,-0.6819250421850691
97.09709709709709,-8.38400385012254,0.4657956288202132
97.1971971971972,-8.490371713374177,-3.3454327258165253
97.29729729729729,-7.905160458131363,-1.6278394732941788
97.3973973973974,-6.875140287383838,-3.115302798300117
97.49749749749749,-5.766431168770722,-3.1591438307405566
97.5975975975976,-4.954948679262517,-2.6970645572485643
97.69769769769769,-4.709930524261434,-4.044357208827199
97.7977977977978,-5.107598360472031,-5.391632831754861
97.89789789789789,-6.003171902804288,-4.8178137381882316
97.997997997998,-7.070997711146406,-6.833371167016695
98.09809809809809,-7.90067458890989,-5.751490363166122
98.1981981981982,-8.119146878083383,-6.021904631762205
98.29829829829829,-7.500787305873281,-7.304332142703664
98.3983983983984,-6.032007325062622,-10.03062580111254
98.49849849849849,-3.9121241264839455,-7.71324286104992
98.5985985985986,-1.4927225348365083,-9.687926061447484
98.69869869869869,0.8233780563416095,-10.370228649347665
98.7987987987988,2.6912962609793043,-9.400024850152478
98.89889889889889,3.9088947530949736,-9.018724715950736
98.998998998999,4.454676250688701,-10.863803255376839
99.09909909909909,4.47235023240077,-10.44740415508791
99.1991991991992,4.2121572952590505,-8.028281434711552
99.29929929929929,3.9505566383857884,-6.984542347366066
99.3993993993994,3.91328344877332,-8.993493457324218
99.49949949949949,4.2220473348224115,-8.909871953785753
99.5995995995996,4.875024807341518,-8.688553834737892
99.69969969969969,5.760006962559418,-6.110616977315248
99.7997997997998,6.6905406241106435,-5.162848012132209
99.89989989989989,7.451897828642314,-3.8342355070199075
100,7.845181472511014,-5.089362281759402
